,X,TE.fixed.x,lower.fixed.x,upper.fixed.x,pval.fixed.x,TE.random.x,lower.random.x,upper.random.x,pval.random.x,I2.x,Tau2.x,H.x,Q.x,symbol.x,TE.fixed.y,lower.fixed.y,upper.fixed.y,pval.fixed.y,TE.random.y,lower.random.y,upper.random.y,pval.random.y,I2.y,Tau2.y,H.y,Q.y,symbol.y
1,ENSG00000004487.14,0.276305836046981,0.275831949373469,0.276779722720494,0,0.387916135428088,0.237428498346159,0.538403772510016,4.36628222272673e-07,0.999987010016312,0.132955811131491,277.457007014811,1693612.59631557,KDM1A,1.18781597212858,1.09055437927108,1.29375188478617,7.85621726776142e-05,1.17559487652766,1.01255502498952,1.36488712179605,0.0336902847211271,0.578880440491048,0.0621255392974933,1.54098103318723,52.2416959821415,KDM1A
2,ENSG00000005889.14,-0.192050614014314,-0.193810479927769,-0.190290748100858,0,-0.212979951657875,-0.327146703772329,-0.0988131995434208,0.00025583697341401,0.999713083295504,0.0754839214181353,59.0367012906864,76677.3061842862,ZFX,0.977723784994939,0.909745564833481,1.05078148956934,0.540059255180245,0.977723784994939,0.909745564833481,1.05078148956934,0.540059255180245,0,0,1,16.7095398144465,ZFX
3,ENSG00000006712.13,-0.0122628259348601,-0.0132487259352014,-0.0112769259345189,2.89643790372727e-131,0.00875874643014447,-0.0599899604553444,0.0775074533156333,0.802816259578424,0.999769769099378,0.0272134735477387,65.9049741175215,95556.243495486,PAF1,0.962297816645811,0.884302242645205,1.04717261052206,0.372852297464137,0.95567044608015,0.870075502862545,1.04968591634434,0.343589947538071,0.115662902104183,0.00580577435947922,1.06338634198851,24.8773912712093,PAF1
4,ENSG00000057935.12,0.157747318278119,0.157102404521091,0.158392232035147,0,0.0383895973229177,-0.100064200839604,0.17684339548544,0.58682243638237,0.999972940678669,0.108791681502157,192.239022735038,813028.520966695,MTA3,1.13177014335779,1.03596202458753,1.23643881435336,0.0060912021190296,1.14668646594921,1.00348054421328,1.31032919250262,0.0443241952578754,0.451925952796701,0.0399441742184856,1.35076681089381,40.140561503069,MTA3
5,ENSG00000064490.12,0.453248752949154,0.451505278354816,0.454992227543492,0,0.525621032199718,0.420587191797734,0.630654872601701,1.03750953758564e-22,0.999676208573041,0.0634064552707824,55.5734459701098,67944.9737338397,RFXANK,0.996362034023439,0.931881035101792,1.06530476042458,0.914974038033689,0.992378481304381,0.913226794408818,1.07839044603757,0.856836538931262,0.255597801326406,0.00948726215066649,1.1590340008559,29.5539159330809,RFXANK
6,ENSG00000064961.17,0.290091889593503,0.288655892536336,0.29152788665067,0,0.328268147473184,0.215597481809276,0.440938813137091,1.12715786135103e-08,0.999813562365092,0.0716334669158604,73.2374488193615,118001.926010509,HMG20B,0.872558883308597,0.811712871161902,0.937965913674526,0.00021863370619385,0.86332918236378,0.770212694964399,0.967703183800889,0.0116108086275989,0.512325816133798,0.0337560730976236,1.43197394860954,45.112086568921,HMG20B
7,ENSG00000066422.4,0.0309519699154154,0.0300004541334047,0.0319034856974261,0,0.0245612924764887,-0.0637438578696946,0.112866442822672,0.585652724506705,0.999871252847002,0.0455098955884282,88.1315042630635,170877.564960748,ZBTB11,1.0821159773745,0.986894238932477,1.18652530564552,0.0931030108755797,1.10287923902909,0.957852242487678,1.26986455940466,0.173410470018098,0.486962617409343,0.0495319604957218,1.39612882689661,42.8818654284173,ZBTB11
8,ENSG00000067082.13,-1.01120544966058,-1.01734042836935,-1.0050704709518,0,-0.732495048315662,-1.09875383114508,-0.366236265486242,8.86197349920127e-05,0.999681109472889,0.794716510087037,55.9988606302469,68989.1926214878,KLF6,1.01729936810801,0.966422973717136,1.07085410063508,0.512325351741894,1.00826668004348,0.909689012577426,1.11752663166235,0.875376461035229,0.688691730978012,0.0360130001033478,1.79227510199366,70.6695009069807,KLF6
9,ENSG00000070444.13,0.0519380894729959,0.0507258484075875,0.0531503305384043,0,0.0926232453956566,-0.0356221500328453,0.220868640824159,0.156906258534417,0.999888457730795,0.0960516705610415,94.6847991479908,197234.646173298,MNT,1.02287909327337,0.937994016490192,1.11544596347294,0.608805960718672,0.996443028708025,0.853616969778456,1.16316655433703,0.963993749540324,0.601315926995518,0.0698942549567577,1.58374609400528,55.1815371860934,MNT
10,ENSG00000074266.16,0.238902153506516,0.238116845245123,0.239687461767908,0,0.343007570745662,0.224497214464965,0.461517927026359,1.40503417753435e-08,0.999950784609509,0.0836196847121939,142.544193900155,447014.638722191,EED,1.02941565382238,0.940970945659278,1.12617354789003,0.527047710268792,1.06040054177233,0.881342894074862,1.27583635898192,0.53428577369211,0.693806094657653,0.113845971747616,1.80718132068391,71.8498951682347,EED
11,ENSG00000084093.14,-0.0712288762498534,-0.0724648929290374,-0.0699928595706694,0,-0.111119359417969,-0.254554845115616,0.0323161262796779,0.128917981245496,0.999919226300024,0.122483593164395,111.266649734409,272365.881548632,REST,0.983760687972184,0.903190463666021,1.0715182789589,0.707257693668776,0.96741243965126,0.841882669584972,1.11165945351194,0.640352341840915,0.550172228104402,0.0546899200634931,1.49099733635544,48.9076072544184,REST
12,ENSG00000084676.14,-0.581304365780951,-0.582561859977651,-0.58004687158425,0,-0.548550806639747,-0.621835314024319,-0.475266299255175,9.92192982962744e-49,0.999664054318604,0.0318759281705589,54.5588828002932,65486.7772331549,NCOA1,0.922049444665835,0.855428373799099,0.993858988605682,0.0339261392836673,0.926474597649879,0.828815544979604,1.03564078315113,0.179026813783323,0.427251941459426,0.0261690565883249,1.32135096781391,38.4113043631408,NCOA1
13,ENSG00000088305.17,1.07980414747085,1.07558684062348,1.08402145431823,0,1.27160473139954,0.943908985525129,1.59930047727395,2.83741017423404e-14,0.999805865791923,0.637887030487478,71.7709947745017,113323.665200274,DNMT3B,1.0979386458323,1.05619086387681,1.14133658152213,2.3125878524564e-06,1.12084826458676,1.04248726207294,1.20509945582361,0.00203414679987159,0.633437095912755,0.0161017597087005,1.65167936765061,60.0169841374997,DNMT3B
14,ENSG00000089280.17,0.415486929535379,0.414097727746804,0.416876131323954,0,0.414791215988264,0.328998131155252,0.500584300821277,2.64200766670689e-21,0.999712168680533,0.0422934367544799,58.9428289253446,76433.6557978938,FUS,0.993718919798532,0.906354223227994,1.08950481639358,0.89324554132964,1.0129478210488,0.881034128679231,1.16461241939139,0.856589233433245,0.456103282682817,0.0439044381739986,1.35594408580663,40.4488560043475,FUS
15,ENSG00000090447.10,0.915019487527398,0.911777452781742,0.918261522273054,0,0.793018283820565,0.580444613753571,1.00559195388756,2.63669273903238e-13,0.999722019838556,0.257998454276003,59.9781545005169,79142.3383803333,TFAP4,1.02178031360197,0.955483661297623,1.09267698816185,0.5290127090344,1.0403292547939,0.911907480061536,1.18683636448184,0.556429160527505,0.676857730020546,0.0580942028372591,1.75915097871547,68.0814676501431,TFAP4
16,ENSG00000095574.10,-0.316993571549352,-0.318102362527374,-0.31588478057133,0,-0.357381459209023,-0.450100048633627,-0.26466286978442,4.20046954993875e-14,0.99983953930105,0.0500481025740905,78.9433696758108,137105.223546978,IKZF5,0.82943603512654,0.76301631373478,0.90163751938542,1.12646005834918e-05,0.84344874849924,0.753913122647594,0.943617732566608,0.0029439206172843,0.344587434256554,0.0225526675813483,1.23521517433487,33.5666435919565,IKZF5
17,ENSG00000100393.9,-0.173460942528146,-0.175500450697648,-0.171421434358643,0,-0.150837718403982,-0.211405254439568,-0.0902701823683948,1.05493116350292e-06,0.998623598980659,0.0204775566704558,26.95426583193,15983.7138238436,EP300,0.953869718629263,0.89122599312367,1.02091663297304,0.172983589505274,0.952848101395728,0.880111167588771,1.03159639119324,0.233200248976433,0.17869677570992,0.00622252008037571,1.10343876240239,26.7866962521868,EP300
18,ENSG00000101412.12,1.69202449501817,1.6861095579976,1.69793943203874,0,2.03770519597545,1.74410857737163,2.33130181457927,3.83730874522041e-42,0.999504097381035,0.473282257761582,44.9057339558048,44363.5487264095,E2F1,1.08305101369805,1.04006092178823,1.12781806690283,0.000113052375129439,1.09338876122293,0.998778723189053,1.19696080364171,0.0531746723511472,0.745316184951954,0.0297910896892434,1.98152395338659,86.3816179125858,E2F1
19,ENSG00000102870.5,0.1680245685136,0.166488063558793,0.169561073468407,0,0.186711165899008,0.078222769296518,0.295199562501499,0.000743146369638355,0.999779962673203,0.0692355677377881,67.4142674918648,99983.0361522235,ZNF629,0.878874591447135,0.816923495334539,0.945523726398704,0.000536287555583934,0.850715343917956,0.758288451374467,0.954408042303221,0.00586614585663023,0.489078347004642,0.0316858668265133,1.39901652936311,43.0594394874862,ZNF629
20,ENSG00000103510.18,0.0521551382940616,0.0514452857628763,0.0528649908252469,0,0.0133243021273352,-0.0578503681518077,0.0844989724064781,0.713681393673986,0.999888507996265,0.0294730540159164,94.7061407666096,197323.568175907,KAT8,0.869538143161788,0.793636107906762,0.952699322624669,0.00270193589860524,0.858181022844337,0.746521712471974,0.986541524065586,0.031516616552708,0.461898855021807,0.0443693435373352,1.36322656935848,40.8845069469079,KAT8
21,ENSG00000104320.12,0.121716839378598,0.120472880159714,0.122960798597482,0,0.119248703854457,0.0249123514705581,0.213585056238356,0.0132287341972007,0.999803628063061,0.0516704769868209,71.3608949666144,112032.301269596,NBN,1.0809822781298,1.00381738069676,1.16407895310559,0.0393224263765399,1.0948206088062,0.959249899960533,1.24955151469506,0.179229400928216,0.601052387657761,0.0510125128936131,1.58322290708119,55.1450850171456,NBN
22,ENSG00000105556.9,0.265711842205218,0.264216667057054,0.267207017353382,0,0.258525160455336,0.139495652104101,0.377554668806571,2.07255402274926e-05,0.999817987227408,0.0814427818945628,74.1223307933765,120870.63828934,MIER2,1.01418955119716,0.938092331425665,1.09645971009519,0.72329368934789,0.995465427912306,0.874145039591733,1.13362356735611,0.945355341304586,0.543849644017863,0.0448512914355027,1.48062811222021,48.2297113473293,MIER2
23,ENSG00000105722.8,0.272174413394971,0.26942664541165,0.274922181378291,0,0.188900678698672,0.0480182233984844,0.32978313399886,0.00858895294196027,0.999564349212716,0.117695474543734,47.9105049824762,50499.1627288692,ERF,0.967181935032854,0.902919909714849,1.03601757519038,0.341475278495131,0.953009815846303,0.842116619692282,1.07850585994999,0.445728564682134,0.607438201248661,0.0451861007506469,1.59604812575167,56.0421316337392,ERF
24,ENSG00000106459.13,0.00743277736188782,0.00700882503031044,0.0078567296934652,9.22774652987315e-259,0.0822109882351891,0.0307549506651082,0.13366702580527,0.00173961897892761,0.999920874884968,0.014748783142146,112.419803746133,278040.67003502,NRF1,0.830500620390545,0.723064794813156,0.953899685639252,0.00859595564033981,0.790335923488556,0.634314359528902,0.984733929751196,0.0359872843244252,0.526008340865106,0.130549838080639,1.45249501409595,46.4143188514188,NRF1
25,ENSG00000108788.10,0.0807811092988719,0.0798903829277427,0.0816718356700011,0,-0.0205692226532225,-0.132672890908437,0.0915344456019923,0.719129894558339,0.999927932285729,0.0749343998148201,117.79575117808,305268.457903377,MLX,1.01321991948932,0.917771464844692,1.11859503653632,0.794736311478424,1.01170215165925,0.897897243045354,1.13993138034421,0.8484608080327,0.223647742498328,0.0173759209978106,1.13493395618777,28.3376518679765,MLX
26,ENSG00000108924.12,-1.54706155248527,-1.55306618277529,-1.54105692219525,0,-2.43610970844276,-3.0405283944036,-1.83169102248193,2.79720271866943e-15,0.999882954316912,2.13515469493319,92.4319892571006,187960.798036545,HLF,0.916001121396682,0.895986570642567,0.936462757246728,7.03345353247959e-15,0.916472494015684,0.869849201270586,0.965594761782223,0.00105952786675544,0.763197596995385,0.00975923168070831,2.05497691457186,92.9044626273124,HLF
27,ENSG00000113658.15,-0.0370780151457371,-0.0383084100419889,-0.0358476202494854,0,-0.00384238800357768,-0.132623258812755,0.1249384828056,0.953367302465427,0.999896888286207,0.0960512610752977,98.4795368397958,213360.821875975,SMAD5,1.03054130407519,0.952817363930112,1.11460540037229,0.452089858099861,1.05897043430409,0.930043214333783,1.20577018728478,0.387018254834733,0.555136586323657,0.0471306558712849,1.49929348889278,49.453381248398,SMAD5
28,ENSG00000114861.17,-0.374794171176153,-0.376500100033118,-0.373088242319187,0,-0.324351384130406,-0.507332039341667,-0.141370728919146,0.000512320119798189,0.999894392361898,0.192097188748046,97.3088488845084,208318.265567018,FOXP1,0.987040075757658,0.930827293343565,1.04664755547954,0.662820214095574,0.977700804921224,0.90049892013761,1.06152138838493,0.591019942110523,0.386023021831002,0.0133343156768757,1.27621532819365,35.8319624061612,FOXP1
29,ENSG00000115966.15,-0.0320399563766612,-0.0327960968036676,-0.0312838159496548,0,-0.110555223280386,-0.188579955930792,-0.0325304906299797,0.00548424719554942,0.999890124341218,0.0360619956525284,95.4001931532631,200226.330780958,ATF2,1.03795131985444,0.944790897589944,1.14029775809204,0.437554248594522,1.04283920661982,0.929883213590795,1.16951633814742,0.473291327700814,0.231371908071048,0.0164975148693675,1.14062234033003,28.6224251117191,ATF2
30,ENSG00000116809.10,0.170481025247001,0.169242559576533,0.171719490917468,0,0.116077601421163,0.0139173393132021,0.218237863529125,0.0259492269774378,0.999834389735714,0.0602660846217975,77.7063258449598,132842.007679108,ZBTB17,0.981077620904541,0.904905304232172,1.06366190333741,0.643166529549139,0.961117404627822,0.82801113177666,1.11562107081392,0.60206686394882,0.62542394874329,0.0675195437516278,1.63391701913058,58.7330661589003,ZBTB17
31,ENSG00000118260.13,-0.105899780759217,-0.106862698264628,-0.104936863253805,0,-0.0982811785984959,-0.179659483140045,-0.0169028740569468,0.0179298823715094,0.999850199816231,0.0392748990829789,81.7040955759941,146862.303145606,CREB1,1.00535493852509,0.907814295532266,1.11337589349612,0.918307428992552,1.02028880836034,0.859676815068432,1.21090767392918,0.818219342358459,0.562220827170424,0.0823135087218799,1.51137575745627,50.2536469649835,CREB1
32,ENSG00000119138.4,-1.10416587970586,-1.10945399077803,-1.09887776863368,0,-1.44867296201752,-1.77081053102676,-1.12653539300829,1.20670107398877e-18,0.999702340429425,0.611350753982043,57.9615611790799,73909.9366349569,KLF9,0.970051984733196,0.930513325031553,1.01127069088764,0.152118268404034,0.96221118087105,0.876624519691238,1.05615384442972,0.417664354534743,0.743611518264018,0.0310795832081366,1.97492562414978,85.8072868603148,KLF9
33,ENSG00000119950.19,-0.276446927283997,-0.278245443009066,-0.274648411558928,0,-0.659283396943259,-0.972309015735703,-0.346257778150816,3.65922156932884e-05,0.999963119580993,0.585546778093635,164.665295076836,596522.506860315,MXI1,0.956179973913138,0.899156466244398,1.01681984930977,0.153208293655397,0.977796492532855,0.895389620339519,1.06778765253837,0.617177691998745,0.408636030798457,0.016095681906373,1.30038685244225,37.2021312521023,MXI1
34,ENSG00000120690.12,-0.321053328582574,-0.322653346226059,-0.31945331093909,0,-0.226384350577641,-0.336353699228559,-0.116415001926723,5.46470362768753e-05,0.999758355360301,0.0696472027245719,64.3296838561584,91042.7809507324,ELF1,0.932989336572064,0.878731987977449,0.990596807748757,0.0232667169850462,0.950468600454259,0.875963759754482,1.03131042853038,0.222569971456521,0.346024938252132,0.0118369136761254,1.23657199370841,33.6404265037278,ELF1
35,ENSG00000120948.14,0.170221738750218,0.169801814253519,0.170641663246916,0,0.120019234505931,0.0585878603316613,0.1814506086802,0.000128557444117104,0.999930225219732,0.0222034349618986,119.715604066092,315300.168852002,TARDBP,1.15614370010553,1.00663830637011,1.32785355657054,0.0400132182764791,1.19355519720738,0.907085523139374,1.57049580490532,0.20638970454488,0.675940754389052,0.246928642085458,1.7566603209937,67.888820633781,TARDBP
36,ENSG00000122386.9,0.577254853871665,0.574841711377618,0.579667996365711,0,0.532219640743191,0.419429023523217,0.645010257963165,2.27904897967853e-20,0.999489785400921,0.0718161121524851,44.2714309347782,43119.1111342825,ZNF205,0.960441587979023,0.900144258319528,1.02477801240634,0.222431138884314,0.96064223752407,0.887664281091368,1.0396199646342,0.31921046991337,0.234041658003623,0.00792327096221211,1.14260843237381,28.7221886540979,ZNF205
37,ENSG00000123268.7,-0.169138578362788,-0.170291994115201,-0.167985162610374,0,-0.0817974747329283,-0.152577575616647,-0.0110173738492094,0.023509926090556,0.999698044735808,0.0292529726863413,57.5477962524808,72858.474777375,ATF1,1.12767700634105,1.03409745001943,1.22972494575479,0.00655715162392169,1.15800066122477,1.00117580483584,1.33939066937089,0.0481784246500764,0.557748637351031,0.0583712361996856,1.50371457820251,49.7454657193723,ATF1
38,ENSG00000125651.12,0.0896004225119685,0.0887908826117262,0.0904099624122109,0,0.133212508924023,0.0805837972447789,0.185841220603267,7.01265187090186e-07,0.999734727986639,0.0162928045633347,61.398008296588,82933.7393013335,GTF2F1,0.849254519759189,0.770912040296919,0.935558405669245,0.000936624490339329,0.839152451421296,0.730596536921563,0.963838180363522,0.013098924986889,0.400750301657798,0.0387261986041455,1.29180240263884,36.7125758441966,GTF2F1
39,ENSG00000127511.8,0.130477162111315,0.129254681982812,0.131699642239819,0,0.0758099712642507,-0.0541748981188064,0.205794840647308,0.252999919478552,0.999896639008057,0.100371601320445,98.360712439367,212846.254534757,SIN3B,0.984056050810798,0.903606687957757,1.07166793256693,0.711866895301216,0.974098730531234,0.843616437990873,1.1247627406151,0.720609206796096,0.556402133167524,0.0563268838731075,1.50143064386235,49.594467523236,SIN3B
40,ENSG00000127616.16,0.355617852821345,0.354260810630903,0.356974895011787,0,0.509392765783612,0.299398473734854,0.719387057832371,1.99061899932539e-06,0.999952851774548,0.259254485413687,145.635524493832,466613.531881061,SMARCA4,0.95663518740684,0.890745177651456,1.02739919872237,0.223381683587892,0.944839451180078,0.836455268256795,1.06726757829709,0.361384401766926,0.536539037369242,0.0371098333674068,1.46890402319891,47.468938646139,SMARCA4
41,ENSG00000129911.7,0.556440668364,0.551418148884309,0.561463187843691,0,0.434964273276362,0.311734988823921,0.558193557728802,4.57694032062247e-12,0.998017629438074,0.0848212155846596,22.4598876811187,11097.8242022663,KLF16,1.03938519150827,0.976500700375505,1.10631930515897,0.225069535148332,1.03775584385286,0.971942049689104,1.10802613365194,0.26758792743291,0.0589216839694619,0.00150156186657331,1.03083016004134,23.377438014719,KLF16
42,ENSG00000130382.8,0.0456304417374607,0.0445168687238417,0.0467440147510798,0,-0.0124560647380416,-0.143090983839868,0.118178854363785,0.851752412286811,0.999907885882448,0.100244873308177,104.192606374678,238834.182909269,MLLT1,0.904618397225688,0.825506991840544,0.991311342832627,0.0318044350161648,0.91268318057165,0.7778106435796,1.07094264519811,0.262765474869038,0.580490637995557,0.0719852887466978,1.54393556487,52.4422146263496,MLLT1
43,ENSG00000130522.5,-0.562085440927043,-0.568487853521382,-0.555683028332703,0,-0.643047950213623,-0.849211939507938,-0.436883960919308,9.75664166174687e-10,0.998869239731584,0.240776888515121,29.738203557766,19455.9365185488,JUND,0.934515972455421,0.88689765146077,0.984690963310022,0.0111448848523663,0.925154996409143,0.853070700271726,1.0033304005262,0.0601585527546516,0.493244520007638,0.0164046863351957,1.40475560334286,43.4134427127095,JUND
44,ENSG00000130726.10,0.358680507605553,0.357668538551298,0.359692476659808,0,0.487699681805628,0.35066910621226,0.624730257398996,3.04515525665539e-12,0.999935259361451,0.106071926925764,124.282937839071,339817.470034028,TRIM28,1.12167849909452,1.0391472440624,1.21076455961363,0.00323210577713894,1.11105856262976,0.983368259348141,1.25532944332697,0.0908920612139771,0.511843188109599,0.0377529014966156,1.43126589574004,45.0674854147879,TRIM28
45,ENSG00000132005.7,0.111520328470223,0.109712027009676,0.113328629930771,0,0.150831461009549,0.0887447277549167,0.212918194264182,1.92186130064e-06,0.999043752474619,0.0223650100565208,32.3381251810991,23006.5954850255,RFX1,0.962585249276302,0.881588445061369,1.051023714427,0.395161240900752,0.9186348401563,0.776542291303533,1.08672763737363,0.322237465882542,0.645898743384514,0.0869619307318149,1.68049129061768,62.1291215125212,RFX1
46,ENSG00000132024.16,0.273459063548138,0.271871420760017,0.275046706336259,0,0.275915778841582,0.168549261434527,0.383282296248638,4.73348676426252e-07,0.99974946595325,0.0682829757051375,63.1781090748727,87812.4162580833,CC2D1A,0.871690368734516,0.80960542908317,0.938536318617569,0.000269863622245749,0.867664432298517,0.773684301385822,0.973060414599881,0.0152303585418042,0.485431639524238,0.0317324803377725,1.39405035223938,42.7542804607324,CC2D1A
47,ENSG00000132274.14,-0.704039326965346,-0.707324914596999,-0.700753739333694,0,-0.228551266865784,-0.559834299539179,0.102731765807612,0.176319708991316,0.99987637271653,0.646441969041757,89.9379194673503,177954.245878543,TRIM22,0.941805416142872,0.910627612420072,0.974050676454645,0.000481778901161232,0.941581776183924,0.897286031264231,0.988064240777862,0.0143505809767077,0.40670387731504,0.00480922030634226,1.29826767801547,37.0809772031529,TRIM22
48,ENSG00000133884.8,0.171941897283952,0.171326706111097,0.172557088456807,0,0.179297939775043,0.0987313803727204,0.259864499177366,1.28980034020468e-05,0.999929975864647,0.0361565406528381,119.502261071668,314177.388827306,DPF2,1.03636972771375,0.929183293679441,1.15592070996921,0.521298688842797,1.0241208852433,0.855361935081374,1.22617519505559,0.795300919872986,0.536620924974129,0.0851635867436759,1.46903380864357,47.4773272806324,DPF2
49,ENSG00000136367.13,0.00964140337599129,0.00625826537715023,0.0130245413748323,2.32915419096655e-08,-0.107614350172154,-0.463072725377916,0.247844025033609,0.552929957797218,0.999874531990507,0.740500535753321,89.2757476529255,175343.500617755,ZFHX2,0.9589013098876,0.926605659967782,0.992322583196962,0.0163560863788012,0.959814714298557,0.908023828779744,1.01455959258475,0.147274891938044,0.468671998588686,0.00665337958281248,1.37188797029753,41.4056852670358,ZFHX2
50,ENSG00000137185.10,0.283371819332518,0.282293875012783,0.284449763652253,0,0.303893441359259,0.198694899122591,0.409091983595926,1.49734484110912e-08,0.999876260945016,0.0633961205039597,89.8972905467936,177793.502648402,ZSCAN9,0.956302419914489,0.893166726434229,1.02390101564274,0.199783569225995,0.996747733197967,0.861178347611375,1.15365887494843,0.965165650207658,0.719988481416078,0.0743411925329463,1.88978349467843,78.5681964486986,ZSCAN9
51,ENSG00000139687.12,-0.099509663367155,-0.101029904414566,-0.0979894223197445,0,-0.0132934004260686,-0.156900550249989,0.130313749397852,0.856030396150027,0.999877745410197,0.122822557222958,90.44142856073,179952.344002324,RB1,0.947872004565826,0.897938898157452,1.00058182008069,0.0525137086090921,0.947166290997303,0.881287488710652,1.01796972530962,0.140010806691851,0.318844505729927,0.00849973648142041,1.21164911095566,32.298058497752,RB1
52,ENSG00000140382.13,-0.209288256311905,-0.210479523171336,-0.208096989452474,0,-0.222326879296002,-0.295740137541587,-0.148913621050417,2.92749943633841e-09,0.999656814414332,0.0291323999873052,53.9803232292728,64105.2565106089,HMG20A,1.00048793943351,0.935639658131188,1.06983079249892,0.988616483774566,1.01003055102896,0.926777821123729,1.10076189865539,0.820111153719618,0.28250626339163,0.0109918953984748,1.18056782507632,30.6622885713193,HMG20A
53,ENSG00000141027.19,-0.336568457093804,-0.337886961439754,-0.335249952747853,0,-0.344451133806985,-0.432777032180523,-0.256125235433446,2.11528835833668e-14,0.999749684395445,0.0460016844443954,63.2056697922628,87889.0472655483,NCOR1,0.956340262644993,0.889289435635707,1.02844660164225,0.228718489049036,0.948987259598567,0.851465431995022,1.05767866203365,0.343948116924567,0.447163493655257,0.0263724862509903,1.34493607610873,39.7947670740127,NCOR1
54,ENSG00000141568.18,0.404942864029747,0.404220644400197,0.405665083659298,0,0.346100968217534,0.223823168539565,0.468378767895502,2.89656643976911e-08,0.999961602077447,0.088409200467899,161.378671459316,572947.663243423,FOXK2,1.21792479729402,1.11115037335209,1.33495955852383,2.53829352036384e-05,1.22840900264459,1.03250687271028,1.46148051665482,0.0202943542788425,0.63016528528523,0.0894081633205904,1.64435719522641,59.486032880843,FOXK2
55,ENSG00000141646.12,-0.361647715702697,-0.362322925072798,-0.360972506332596,0,-0.368004375944975,-0.438644289471991,-0.297364462417958,1.77777167042283e-24,0.999898317732053,0.0296795119936126,99.1693320024142,216360.241015711,SMAD4,0.898327821821299,0.832539808736643,0.969314460389334,0.00572485215928269,0.857553643678098,0.740740975902671,0.992787324731729,0.0397003100741579,0.652398789571216,0.0667806732536215,1.69613087571181,63.2909188459437,SMAD4
56,ENSG00000141867.16,0.163953260649855,0.163093129406015,0.164813391893695,0,0.180402837466312,0.0950459588205833,0.26575971611204,3.43677418623872e-05,0.999863181874332,0.0431756286442662,85.4925324182128,160797.408184142,BRD4,1.04383318673853,0.949492049604095,1.14754802021884,0.37474774218956,1.06736709998683,0.890367258649746,1.27955348207887,0.480975523512215,0.635827608240524,0.0977677376345372,1.65709150441658,60.4109495882112,BRD4
57,ENSG00000143437.19,-0.259223836269437,-0.259962820555182,-0.258484851983693,0,-0.284869200408234,-0.356009735104731,-0.213728665711737,4.21661796383885e-15,0.999882832561505,0.0302398221429789,92.3839510830072,187765.477189564,ARNT,0.991796677555733,0.90083447078944,1.09194383819323,0.866718236342944,0.991796677555733,0.90083447078944,1.09194383819323,0.866718236342944,0,0,1,18.0124187696029,ARNT
58,ENSG00000147050.13,-0.192637315447921,-0.194785946668511,-0.190488684227332,0,-0.215151998127922,-0.302401786939909,-0.127902209315935,1.34398345080944e-06,0.999184322192256,0.0396745191501923,35.0139152907389,26971.4338077148,KDM6A,0.956245832209153,0.902877571646825,1.01276864143333,0.126775593122672,0.966523008178144,0.897381411497779,1.04099183844086,0.368583566922898,0.279464590733671,0.00799468377162481,1.17807336157667,30.532850595644,KDM6A
59,ENSG00000149136.6,0.33698668739563,0.336313875437225,0.337659499354035,0,0.419476081163625,0.282720180280303,0.556231982046947,1.83401047702494e-09,0.999973443237725,0.110667951346576,194.049459323584,828414.238603058,SSRP1,1.20475420302749,1.09772131528117,1.32222329065427,8.70592280415187e-05,1.23221438913664,1.02188676628977,1.48583223785954,0.0287651477691016,0.676916813918322,0.112264404049243,1.75931182389345,68.0939180612087,SSRP1
60,ENSG00000149311.16,-0.0263133321947389,-0.0286299194751685,-0.0239967449143093,8.52218377397128e-110,-0.210189878904148,-0.457474576505462,0.0370948186971648,0.0957228495539402,0.99990095888226,0.358607285937733,100.482916871683,222129.964826916,ATM,0.969618447227789,0.911492890812182,1.03145064836074,0.327984499137098,0.969618447227789,0.911492890812182,1.03145064836074,0.327984499137098,0,0,1,20.6707086864604,ATM
61,ENSG00000149480.5,0.350306458047853,0.349443555478813,0.351169360616894,0,0.380306624072699,0.313404608333631,0.447208639811768,7.88012764219568e-29,0.999798566450611,0.0247223404363365,70.4586142362172,109217.159041937,MTA2,1.02326449012589,0.921652046888943,1.13607973886349,0.666476088027557,1.04204580118451,0.852173718981995,1.27422311622498,0.688195348795074,0.659820815280035,0.131066371030659,1.7145341192933,64.6717994168585,MTA2
62,ENSG00000151090.16,-1.24027808046022,-1.24362882283292,-1.23692733808752,0,-1.64982089170366,-2.01029875552014,-1.28934302788719,2.95745554153957e-19,0.999896595753569,0.748839759983089,98.3401379104123,212757.219933256,THRB,1.00182102661781,0.972948450492024,1.03155040625843,0.902948095449261,1.00898272751679,0.949620203291677,1.07205611348448,0.772537492807536,0.695352167543772,0.0121131572060319,1.81176119589222,72.2145298806976,THRB
63,ENSG00000155545.18,-0.115430118709853,-0.116708872008258,-0.114151365411448,0,-0.277869497346809,-0.364406670668558,-0.191332324025059,3.10559775719982e-10,0.999753815101194,0.0440854807322864,63.7337239975088,89363.7266409937,MIER3,0.963137768724185,0.892847180099738,1.03896207796655,0.331347587351418,0.972610911114892,0.876427312968325,1.07935018731431,0.601172694636329,0.372757709332229,0.0209815034528728,1.26264811266432,35.0741656411249,MIER3
64,ENSG00000156273.14,-0.0958976562345797,-0.0981378458929899,-0.0936574665761696,0,-0.0875555611081724,-0.222139139172885,0.0470280169565404,0.202278514305253,0.999687864578866,0.107918342501456,56.6015693080072,70482.2282588412,BACH1,1.14198147573793,1.07216710066063,1.21634182780373,3.70806668381752e-05,1.14407633134435,1.05253606602792,1.24357795821852,0.00155972991261737,0.323632211755853,0.0117705743705028,1.21592991077758,32.5266820543185,BACH1
65,ENSG00000159692.14,0.216513935453975,0.21580956497182,0.21721830593613,0,0.167226603538054,0.0952947003756711,0.239158506700437,5.20116509859861e-06,0.999896332835575,0.0306712967214005,98.2153548793331,212217.630549613,CTBP1,0.977987791895628,0.889764995766155,1.07495813574156,0.644478340717326,0.931332544812609,0.768807679003129,1.1282149394655,0.467197843620754,0.695875795708661,0.1259585639121,1.81332023192881,72.3388657974914,CTBP1
66,ENSG00000160199.13,0.0790285682407328,0.0784028037656882,0.0796543327157774,0,-0.0410856235967226,-0.1037209258816,0.021549678688155,0.198569329254766,0.999863764553761,0.0219484083860398,85.6751632624372,161485.139200996,PKNOX1,1.02162491182185,0.908792893405611,1.14846569337021,0.720121738561538,1.02381450116619,0.859801216784293,1.21911450267364,0.79161728640834,0.460992756707331,0.0719810936578668,1.36208026115528,40.8157780322341,PKNOX1
67,ENSG00000165030.3,-0.612489689801886,-0.618636459970223,-0.606342919633549,0,-0.682851942318013,-0.952259058348048,-0.413444826287978,6.77108626737106e-07,0.999346919113983,0.411758199034827,39.1306005637779,33686.4858106027,NFIL3,1.0999170940582,1.04352840933394,1.15935282928581,0.000389972312589628,1.10675558184343,1.04033304430172,1.17741902427387,0.00131756588736729,0.189681147296111,0.00401031208583768,1.1108924838144,27.1498064330972,NFIL3
68,ENSG00000166478.8,0.015585562826654,0.0149395734637953,0.0162315521895128,0,0.0293674645222379,-0.0421881548039453,0.100923083848421,0.421167351887731,0.999898377507596,0.029710539232335,99.1984939970647,216487.506648285,ZNF143,1.15027223862001,1.02026158012271,1.29684999290159,0.0221518490591103,1.18102632748019,0.928692285236571,1.50192179732175,0.174866430967346,0.691125040848902,0.198224140791904,1.79932100350559,71.2262336204401,ZNF143
69,ENSG00000167491.16,0.446267436034351,0.44534131681856,0.447193555250143,0,0.381248243705351,0.303772507495173,0.458723979915529,5.17454358141963e-22,0.999811601611209,0.0351956866385049,72.8553431110324,116773.822436178,GATAD2A,1.0405955177157,0.941421814003084,1.15021663550114,0.43615175187705,1.02010231340838,0.870901320093419,1.19486410895497,0.805147898810137,0.492011051185995,0.0602059996775257,1.40304909442644,43.308028750159,GATAD2A
70,ENSG00000167771.5,0.891518388999765,0.883103953795838,0.899932824203693,0,1.12258184190693,0.682603257453378,1.56256042636047,5.71096944001084e-07,0.999520347699558,1.03949778519072,45.6600869464157,45866.5578789933,RCOR2,1.05193194807739,1.02553194619917,1.07901155833033,9.45846907588655e-05,1.04734712052585,1.01085154532129,1.08516032443234,0.0105760804326993,0.361897835994516,0.00227684776674663,1.25185748758749,34.4772377230348,RCOR2
71,ENSG00000168286.2,-0.0290274827549273,-0.0300757061854417,-0.0279792593244129,0,0.0383615045219009,-0.0499696114434432,0.126692620487245,0.394660014921158,0.999835665536473,0.0443136779646908,78.0073768785676,133873.318644447,THAP11,1.0037205493506,0.912244892376195,1.10436895794996,0.939285751510908,0.972411607144179,0.861603965088414,1.09746980285971,0.650390161222531,0.279362125736944,0.021816552215799,1.17798960551926,30.5285092356515,THAP11
72,ENSG00000168310.9,-0.0813128478704308,-0.0819721487559613,-0.0806535469849004,0,-0.146124917518419,-0.272492883192491,-0.0197569518443471,0.0234272820635387,0.999963878574783,0.0944632164937413,166.386298820112,609056.809571224,IRF2,0.850914577395017,0.785006203797345,0.922356555299607,8.67765514780935e-05,0.850105084242822,0.712165348494513,1.01476245057866,0.072218801493427,0.728300549881536,0.108269168341454,1.91847268554842,80.9718237942984,IRF2
73,ENSG00000170325.13,-0.0075371728351413,-0.00886951762563595,-0.00620482804464665,1.44003955843172e-28,0.0276842703502895,-0.0601909443011945,0.115559485001773,0.536925783333666,0.999744555092019,0.0451818326140141,62.5678706506329,86124.2456305953,PRDM10,0.985169145444654,0.898161622745356,1.08060533934806,0.751450604778064,0.998455715894402,0.887274571900007,1.1235685639761,0.979530006246809,0.288997937548561,0.0214486601041179,1.18594505819571,30.9422449832944,PRDM10
74,ENSG00000171163.14,1.05845559007177,1.05379550229179,1.06311567785176,0,0.893266993705102,0.65646639105337,1.13006759635683,1.43077625171187e-13,0.999573783265199,0.326447423279714,48.4378380878189,51616.9314896787,ZNF692,1.00909338860494,0.961571760561934,1.05896357265227,0.713020928876088,1.02914588674073,0.926739617979113,1.1428682184808,0.591107669856122,0.727336349778811,0.038510836879897,1.91507760560881,80.6854891810964,ZNF692
75,ENSG00000171940.12,0.600811853390408,0.598354345444293,0.603269361336523,0,0.448274795533431,0.262685562137744,0.633864028929118,2.20003140022783e-06,0.999799736654415,0.205464298383172,70.6641706795907,109855.350392355,ZNF217,1.06842702604678,1.00813571518992,1.13232404406198,0.0255240019008412,1.06842702604678,1.00813571518992,1.13232404406198,0.0255240019008412,0,0,1,21.7255508002133,ZNF217
76,ENSG00000172059.9,-0.635035004502402,-0.63741031352659,-0.632659695478214,0,-0.703772036750638,-0.884612632028105,-0.522931441473171,2.39286133561207e-14,0.999797178032128,0.186300993040744,70.2170377542935,108469.512601733,KLF11,0.994825752880388,0.941096287751961,1.051622763233,0.854697482815364,1.01292884245342,0.910633490662629,1.12671546829168,0.813046994577628,0.656613613960308,0.0364143343937297,1.70650853012281,64.0677699944022,KLF11
77,ENSG00000172466.14,-0.247830938843741,-0.248713359840669,-0.246948517846813,0,-0.224854315448464,-0.302122785944362,-0.147585844952565,1.17321776678625e-08,0.999857712878224,0.0350154616274133,83.8334236947289,154616.944424359,ZNF24,0.866535489498433,0.795265322621735,0.944192753287501,0.00107043523330811,0.838986500272104,0.723492971417895,0.972916635609243,0.0201619351254841,0.570667814485811,0.0606522181501187,1.52617127927296,51.2423730209086,ZNF24
78,ENSG00000172845.12,0.11280634871424,0.11192729882249,0.113685398605989,0,0.0715112037203452,-0.0594707635703128,0.202493171011003,0.284589485112324,0.999950735793888,0.10201603140185,142.473553282898,446571.694471207,SP3,1.04574509215233,0.957835837624704,1.14172257374773,0.318082893485395,1.05776730276965,0.928481662279616,1.20505521246539,0.398479862203665,0.445580346685482,0.0383355155712196,1.34301446885557,39.6811329982193,SP3
79,ENSG00000175550.6,0.43190274595341,0.429484948774499,0.434320543132321,0,0.353418267643941,0.25145500304557,0.455381532242312,1.09447932679343e-11,0.999357210150233,0.0580346512909207,39.4425963301701,34225.8049158245,DRAP1,1.06827036999972,1.00462607916093,1.13594660450432,0.03509742313214,1.06380347612692,0.976198273518424,1.15927047457368,0.158370171945332,0.377780488362722,0.0141907941896069,1.26773414340915,35.3572968840374,DRAP1
80,ENSG00000175592.7,-0.168208496861688,-0.202911804643084,-0.133505189080291,2.09822252519337e-21,0.429300921572562,-0.11280515703463,0.971407000179754,0.120633222916834,0.993170974606666,1.45652821970645,12.1009825922558,3221.54315335771,FOSL1,1.09244364081561,1.06404306774665,1.12160225890652,4.74161164242342e-11,1.08409720123453,1.04007134750324,1.12998665384433,0.000134870867408936,0.5087548443459,0.00442658280372039,1.42675978485758,44.7841566411106,FOSL1
81,ENSG00000175832.11,2.3374794148815,2.32524245265617,2.34971637710682,0,1.76928654839899,0.799682808922606,2.73889028787537,0.00034829379289622,0.999814686558171,5.49003111965345,73.4592582641366,118717.777743777,ETV4,1.06078666384016,1.03436135595284,1.08788707128811,4.54407532782182e-06,1.05385296991242,1.01319064864598,1.09614718974898,0.0089830344151391,0.491739270479741,0.00380693574656863,1.40267392018907,43.2848707803286,ETV4
82,ENSG00000177485.6,0.232726583299043,0.231403897848861,0.234049268749224,0,0.330641530196856,0.206658903062848,0.454624157330864,1.72370426205694e-07,0.999872101120446,0.0895191695084248,88.4232818995191,172010.8892014,ZBTB33,0.993944563738996,0.920143763573804,1.07366461078782,0.877372801340957,0.999810981760734,0.877424442858632,1.13926846623125,0.997736028378967,0.561547950535462,0.0470771014703734,1.51021558508236,50.1765244953642,ZBTB33
83,ENSG00000178028.12,0.0240828772179465,0.0228581727570963,0.0253075816787967,0,-0.0390104972365677,-0.201578452846918,0.123557458373783,0.638125493411964,0.999938504351327,0.156394562437518,127.519853916434,357748.889143113,DMAP1,0.933904164325342,0.866614693367652,1.00641841734179,0.073088909280911,0.936519029688855,0.812610234657437,1.07932174068554,0.365058387489117,0.652335592134842,0.0648683507879692,1.6959767098088,63.2794140047052,DMAP1
84,ENSG00000178764.7,0.125565796505226,0.124250173743508,0.126881419266943,0,-0.206614973481917,-0.357822483106255,-0.0554074638575802,0.00740278426916284,0.999903463385841,0.134702763838589,101.778013168089,227892.80721776,ZHX2,0.957374143095376,0.900983969438314,1.01729362669905,0.159605567782317,0.954788798001401,0.880537419591813,1.03530142899726,0.262685878831451,0.327243958664661,0.0110897966309117,1.21918945241419,32.7013042593161,ZHX2
85,ENSG00000180035.9,0.393119609475474,0.39158780426945,0.394651414681498,0,0.356549951317327,0.232319114086426,0.480780788548228,1.85277979301086e-08,0.999815939627031,0.0879139395290515,73.7088866117927,119525.999242102,ZNF48,0.884147021137948,0.823840654490323,0.948867903916108,0.000635264653808682,0.873961055924578,0.796607553205937,0.958825866261083,0.00438300734713307,0.290800678091806,0.0128060419475445,1.18745140081461,31.0208982445247,ZNF48
86,ENSG00000181722.14,-0.624681413726524,-0.630566069619537,-0.618796757833512,0,-0.463995621480263,-0.608678461595367,-0.319312781365159,3.266443925763e-10,0.998122038384422,0.120890183195313,23.0757935238557,11714.8294286237,ZBTB20,0.959504858160976,0.920526812744009,1.00013335851689,0.0507412295850427,0.95270664077381,0.89504048145629,1.01408814704974,0.128306051071126,0.451510899798183,0.00874113960546447,1.35025563763893,40.1101863134656,ZBTB20
87,ENSG00000182979.16,0.370962469640828,0.369573589128207,0.372351350153449,0,0.357031461999729,0.255653483911136,0.458409440088322,5.1069273455363e-12,0.999787963154832,0.0587749609849674,68.674314505717,103755.552402263,MTA1,1.04215049271227,0.9714863046843,1.1179546682476,0.249129679786234,1.06661022427907,0.936945840652937,1.21421892405632,0.329504985034232,0.629678218579364,0.0516954231185532,1.64327546684023,59.4077937182175,MTA1
88,ENSG00000185591.8,-0.0304457648387661,-0.0313132370186208,-0.0295782926589114,0,0.0705482573934473,-0.0343135459557385,0.175410060742633,0.187298823408137,0.999921975707321,0.064524712448203,113.210075453601,281963.466052621,SP1,0.937117910861269,0.847670540707318,1.03600389146968,0.204477368378483,0.952400242694316,0.823684517565195,1.10123014690803,0.510329592137539,0.421446838407434,0.0452701741712684,1.31470515070921,38.0258919326294,SP1
89,ENSG00000186660.14,-0.0914466847694947,-0.0921479365163195,-0.0907454330226699,0,-0.0811877452855194,-0.186340352569866,0.0239648619988277,0.130209228749228,0.999950296777096,0.0659862689510558,141.842940109022,442627.232492973,ZFP91,1.00383316754988,0.912213979572376,1.10465422679184,0.937550464807784,1.01864022358959,0.845233900533566,1.22762220547429,0.846195188251538,0.671976950399413,0.115423201425118,1.74601439151643,67.0684576184144,ZFP91
90,ENSG00000196235.12,0.246368406437713,0.245800110552196,0.246936702323229,0,0.249944956313001,0.203786205367903,0.2961037072581,2.59270231506676e-26,0.999809468161674,0.0123042226093613,72.4463018664371,115466.266390704,SUPT5H,1.06220655958074,0.969710592983443,1.16352526555892,0.19419270815263,1.06597868595844,0.928620518327991,1.22365437387024,0.363987594453059,0.438794482386668,0.0405949284306381,1.33487018776444,39.2013252000097,SUPT5H
91,ENSG00000196591.10,0.255033440987626,0.254384101189468,0.255682780785785,0,0.29273743882142,0.118369687357105,0.467105190285734,0.00100014087118742,0.9999842016801,0.179834342321509,251.590679574793,1392553.14107593,HDAC2,1.20165933953661,1.11009079002973,1.30078114444756,5.55700617883379e-06,1.1888133779432,1.00617690503239,1.40460115960545,0.04212099550471,0.707842035995132,0.0942122889257048,1.85008267112001,75.301729579528,HDAC2
92,ENSG00000197114.10,0.189224967924952,0.186568724402422,0.191881211447482,0,0.0415561680818241,-0.0651063681809055,0.148218704344554,0.445099613002843,0.999295816475104,0.0656572448707861,37.6840064935994,31241.8555990121,ZGPAT,0.969427583308094,0.912684397126663,1.02969859267589,0.312995053572347,0.961926807660303,0.86654466938391,1.06780783032617,0.466270315921706,0.547178512523009,0.0276251793336797,1.48606048585378,48.5842668875511,ZGPAT
93,ENSG00000197905.7,0.202880914071886,0.199349510207421,0.206412317936352,0,0.812859851199316,0.364859282722647,1.26086041967598,0.000376269151998966,0.999925106862327,1.16667872827782,115.552404508105,293751.880127303,TEAD4,1.09815674145667,1.047855538743,1.15087260048592,9.07766337404483e-05,1.10118265137402,1.01442861331497,1.19535590358059,0.021328111893979,0.56942664911599,0.0182554193085983,1.52397003065992,51.0946623956912,TEAD4
94,ENSG00000197961.10,0.541484966499282,0.539328128177725,0.543641804820839,0,0.70793746469661,0.536055090216314,0.879819839176906,6.88355405324995e-16,0.999824305271684,0.176143147589639,75.4432926682085,125217.188989661,ZNF121,0.937892248325596,0.878725214301946,1.00104316474863,0.0537800311911829,0.968861183384184,0.852448761486531,1.10117116133957,0.628134271099808,0.665452002353506,0.05225906522798,1.72890361576345,65.7603696771986,ZNF121
95,ENSG00000198026.7,0.320923898449058,0.319602530231024,0.322245266667091,0,0.329652780588655,0.213784448768419,0.445521112408892,2.4579777037229e-08,0.999855284449585,0.0777373448952287,83.1270559378009,152022.363435498,ZNF335,1.0451640217962,0.955787981046921,1.14289764479009,0.332783554516007,0.986659473701328,0.798007298899938,1.21990979078332,0.901280840178162,0.773637797688983,0.168960611757719,2.10183221728396,97.1893707314815,ZNF335
96,ENSG00000198455.4,-0.0110656522835261,-0.0121136578779581,-0.0100176466890941,3.85720400343527e-95,-0.158981863750883,-0.335331275913108,0.0173675484113427,0.0772383751828007,0.999960382408401,0.185408711620084,158.875146723927,555308.869424086,ZXDB,0.989767427924396,0.927178037218056,1.05658193146963,0.757629536030369,1.02777935777767,0.904209714048669,1.16823607605814,0.675031105774718,0.653918810675693,0.0504561712482517,1.69985157786457,63.5688985089107,ZXDB
97,ENSG00000198824.5,-0.156371629661986,-0.157673243883169,-0.155070015440804,0,-0.223084344436639,-0.356320003493421,-0.0898486853798575,0.001031893124205,0.999890193987065,0.103881349536447,95.4304427443569,200353.326852448,CHAMP1,0.997740279707449,0.931891216494376,1.0682423528956,0.948220848317274,1.00089040824334,0.903973156155945,1.10819840444543,0.986334660288974,0.455297361893507,0.0240024338009706,1.35494061348917,40.3890094538129,CHAMP1
98,ENSG00000204859.10,0.0811359375025028,0.0795314316181538,0.0827404433868518,0,0.0201697668839318,-0.141432096355908,0.181771630123771,0.806746033999886,0.999895374614112,0.155678996752258,97.7645630553314,210274.015366797,ZBTB48,0.898201440837786,0.833942768009129,0.967411505047362,0.0045859238999664,0.889032155900604,0.777034187791986,1.0171729721072,0.0868755243313017,0.623313344538458,0.0562059091576594,1.62933310795786,58.4039802871279,ZBTB48
99,ENSG00000213015.7,0.0488979302069596,0.046928231211329,0.0508676292025903,0,0.0885575460168661,-0.0406614089297695,0.217776500963502,0.179200456599529,0.99972028247221,0.0953103201824184,59.7915978356296,78650.7737782287,ZNF580,0.975971451830357,0.919850507472721,1.03551638777142,0.420855878675947,0.955584472637769,0.853828341659205,1.06946752619143,0.429025662497006,0.657742153282787,0.0415003346465107,1.70931968121404,64.2790229968847,ZNF580
100,ENSG00000245848.2,-0.275762611696539,-0.284031879313671,-0.267493344079407,0,-0.0649218335520287,-0.416769755424793,0.286926088320735,0.717616453292914,0.999365810971008,0.702116224826384,39.7091542792151,34689.9725385512,CEBPA,0.949877086214278,0.919654076170287,0.98109332877883,0.00182731802991252,0.94637257251488,0.904009433683193,0.990720906926175,0.0183273561303853,0.398854638314422,0.00429021560033366,1.28976399711445,36.5968057015582,CEBPA
101,ENSG00000266412.4,-0.479329656817091,-0.480658874979433,-0.478000438654749,0,-0.517650008356896,-0.636129786904809,-0.399170229808984,1.09702252275244e-17,0.999858701752778,0.0835528925140135,84.1262659678202,155699.029765145,NCOA4,0.851883559739136,0.791826373461033,0.916495867877953,1.72602211783441e-05,0.876307711711193,0.74959518906119,1.02443988009883,0.0975287661543327,0.713074112673439,0.0826222464809824,1.86687454159392,76.6748521891334,NCOA4
